ID,Prior_WFM,Devices,Device_owner,Obtain_access,New_apps,Collab_solution,Prefer_WFH,Productivity,Collab_colleagues,Satisfaction_with_approach,Tech_ support,Proud_WFO,Proper_access,Age,Education,Business_domain,Title
5,Yes,Laptop;,Corporate assets,Remote connection to your workstation (e.g. TeamViewer),No,Yes,Disagree,Undecided,Disagree,Agree,Agree,Agree,Agree,25-34 years old,Master’s degree,Education & Research,Researcher
6,Yes,Laptop;,Corporate assets,No special provisions,No,Yes,Disagree,Agree,Agree,Agree,Undecided,Agree,Agree,35-44 years old,Doctorate degree,Education & Research,Researcher
7,Yes,Laptop;Smartphone;,Personal assets,No special provisions,No,No,Agree,Agree,Agree,Strongly agree,Strongly agree,Strongly agree,Strongly agree,45-54 years old,Doctorate degree,Security (cyber),Manager
8,Yes,Laptop;,Corporate assets,No special provisions,No,No,Agree,Agree,Disagree,Agree,Agree,Undecided,Strongly agree,25-34 years old,Doctorate degree,Education & Research,Researcher
9,Yes,Laptop;Smartphone;,Corporate assets,VPN access,No,Yes,Undecided,Agree,Agree,Strongly agree,Strongly agree,Agree,Strongly agree,35-44 years old,Doctorate degree,Education & Research,IT professional
10,Yes,Laptop;,Corporate assets,No special provisions,No,No,Disagree,Strongly disagree,Undecided,Strongly agree,Strongly agree,Strongly agree,Strongly agree,18-24 years old,"High school graduate, diploma or the equivalent",EPES (Electrical Power & Energy Systems),Other
11,Yes,Laptop;,Personal assets,Direct access,No,Yes,Agree,Undecided,Strongly agree,Strongly agree,Strongly agree,Strongly agree,Strongly agree,35-44 years old,Master’s degree,Education & Research,Security professional
12,Yes,Laptop;Smartphone;,Corporate assets,Direct access,Yes,Yes,Disagree,Disagree,Disagree,Agree,Agree,Agree,Agree,45-54 years old,Doctorate degree,Education & Research,Manager
13,Yes,Laptop;Smartphone;,Corporate assets,Direct access,No,Yes,Undecided,Undecided,Disagree,Agree,Agree,Agree,Strongly agree,35-44 years old,Doctorate degree,Education & Research,Manager
14,Yes,Laptop;,Personal assets,Direct access,No,Yes,Strongly agree,Strongly agree,Agree,Agree,Undecided,Agree,Strongly agree,18-24 years old,Bachelor’s degree,IT (Information Technology),IT professional
15,Yes,Laptop;,Corporate assets,Using VPN ,No,Yes,Agree,Strongly agree,Undecided,Agree,Agree,Strongly agree,Strongly agree,35-44 years old,Doctorate degree,Education & Research,Researcher
16,Yes,Laptop;,Personal assets,"Using 3rd party cloud solutions (e.g. G Cloud, Microsoft 365)",No,Yes,Disagree,Undecided,Undecided,Agree,Undecided,Undecided,Agree,25-34 years old,Master’s degree,IT (Information Technology),IT professional
17,Yes,Laptop;Smartphone;,Personal assets,Using VPN ,No,No,Strongly agree,Strongly agree,Agree,Strongly disagree,Agree,Undecided,Strongly agree,35-44 years old,Master’s degree,Education & Research,IT professional
18,Yes,Laptop;Smartphone;,Corporate assets,"Using 3rd party cloud solutions (e.g. G Cloud, Microsoft 365)",No,Yes,Undecided,Undecided,Agree,Agree,Disagree,Agree,Agree,25-34 years old,Master’s degree,Education & Research,Researcher
19,Yes,Laptop;,Personal assets,"Using 3rd party cloud solutions (e.g. G Cloud, Microsoft 365)",No,No,Strongly agree,Strongly agree,Strongly agree,Agree,Agree,Agree,Strongly agree,25-34 years old,Master’s degree,IT (Information Technology),IT professional
20,Yes,Laptop;,Corporate assets,Using VPN ,No,Yes,Undecided,Agree,Agree,Strongly agree,Undecided,Strongly agree,Agree,35-44 years old,,EPES (Electrical Power & Energy Systems),Other
21,Yes,Laptop;,Personal assets,"Using 3rd party cloud solutions (e.g. G Cloud, Microsoft 365)",No,Yes,Undecided,Undecided,Strongly agree,Strongly agree,Agree,Strongly agree,Strongly agree,25-34 years old,Master’s degree,Education & Research,Researcher
22,No,Laptop;,Corporate assets,Using VPN ,Yes,No,Strongly disagree,Strongly disagree,Strongly disagree,Strongly disagree,Disagree,Undecided,Undecided,35-44 years old,Master’s degree,Banking & Financial,IT professional
23,Yes,Laptop;,Corporate assets,Using VPN ,No,Yes,Undecided,Agree,Agree,Strongly agree,Agree,Strongly agree,Strongly agree,45-54 years old,Master’s degree,Other,Manager
24,No,Desktop;,Corporate assets,No Access,No,No,Disagree,Strongly disagree,Strongly disagree,Undecided,Disagree,Undecided,Undecided,25-34 years old,Associate degree,Public Sector,Other
25,Yes,Laptop;,Personal assets,"Using 3rd party cloud solutions (e.g. G Cloud, Microsoft 365)",Yes,Yes,Undecided,Disagree,Undecided,Strongly disagree,Undecided,Agree,Undecided,55-64 years old,Professional degree,IT (Information Technology),Other
26,Yes,Laptop;,Personal assets,"Using 3rd party cloud solutions (e.g. G Cloud, Microsoft 365)",No,Yes,Strongly agree,Strongly agree,Strongly agree,Agree,Strongly agree,Undecided,Agree,18-24 years old,Bachelor’s degree,IT (Information Technology),Researcher
27,No,Laptop;,Corporate assets,"Using 3rd party cloud solutions (e.g. G Cloud, Microsoft 365)",Yes,Yes,Agree,Agree,Disagree,Agree,Disagree,Undecided,Agree,35-44 years old,"High school graduate, diploma or the equivalent",IT (Information Technology),Manager
28,Yes,Laptop;Smartphone;,Corporate assets,Direct access,No,Yes,Undecided,Agree,Agree,Agree,Strongly agree,Strongly agree,Strongly agree,25-34 years old,Doctorate degree,IT (Information Technology),Manager
29,Yes,Laptop;Smartphone;,Personal assets,Using VPN ,No,Yes,Disagree,Undecided,Agree,Strongly agree,Strongly agree,Agree,Strongly agree,25-34 years old,Doctorate degree,IT (Information Technology),Researcher
30,Yes,Laptop;,Corporate assets,Using VPN ,No,Yes,Disagree,Agree,Agree,Strongly agree,Strongly agree,Strongly agree,Strongly agree,25-34 years old,Master’s degree,Education & Research,Researcher
31,Yes,Laptop;Tablet;Smartphone;,Personal assets,"Using 3rd party cloud solutions (e.g. G Cloud, Microsoft 365)",Yes,No,Disagree,Disagree,Disagree,Undecided,Disagree,Agree,Agree,45-54 years old,Master’s degree,Other,Manager
32,Yes,Laptop;,Corporate assets,Other,Yes,Yes,Strongly agree,Undecided,Disagree,Disagree,Strongly disagree,Agree,Undecided,35-44 years old,"High school graduate, diploma or the equivalent",Education & Research,Researcher
33,Yes,Laptop;,Corporate assets,Using VPN ,No,Yes,Strongly agree,Strongly agree,Undecided,Strongly agree,Strongly agree,Strongly agree,Strongly agree,35-44 years old,Master’s degree,IT (Information Technology),Manager
34,Yes,Laptop;,Corporate assets,Using VPN ,No,Yes,Strongly agree,Strongly agree,Agree,Agree,Agree,Agree,Agree,35-44 years old,Doctorate degree,Education & Research,Manager
35,No,Desktop;,Personal assets,Using VPN ,No,No,Agree,Agree,Agree,Disagree,Disagree,Agree,Agree,35-44 years old,Master’s degree,Public Sector,Other
36,Yes,Desktop;Laptop;Smartphone;,Personal assets,"Using 3rd party cloud solutions (e.g. G Cloud, Microsoft 365)",Yes,Yes,Disagree,Disagree,Disagree,Agree,Agree,Strongly agree,Agree,35-44 years old,Master’s degree,Banking & Financial,IT professional
37,Yes,Laptop;,Corporate assets,Using VPN ,No,Yes,Agree,Strongly agree,Agree,Strongly agree,Strongly agree,Agree,Agree,25-34 years old,Master’s degree,IT (Information Technology),Researcher
38,Yes,Laptop;,Corporate assets,Using VPN ,No,Yes,Undecided,Agree,Undecided,Strongly agree,Undecided,Strongly agree,Strongly agree,45-54 years old,Doctorate degree,Education & Research,Researcher
39,Yes,Laptop;,Corporate assets,Using VPN ,No,Yes,Strongly disagree,Strongly disagree,Agree,Strongly agree,Agree,Strongly agree,Strongly agree,25-34 years old,Doctorate degree,Education & Research,Researcher
40,Yes,Laptop;Smartphone;,Corporate assets,Using VPN ,No,Yes,Agree,Agree,Undecided,Agree,Undecided,Agree,Strongly agree,35-44 years old,Doctorate degree,Education & Research,Researcher
41,Yes,Laptop;,Corporate assets,Using VPN ,No,Yes,Strongly agree,Strongly agree,Strongly agree,Strongly agree,Strongly agree,Strongly agree,Strongly agree,45-54 years old,Master’s degree,IT (Information Technology),Manager
42,Yes,Laptop;,Corporate assets,"Using 3rd party cloud solutions (e.g. G Cloud, Microsoft 365)",No,Yes,Strongly agree,Strongly agree,Strongly agree,Strongly agree,Strongly agree,Undecided,Agree,25-34 years old,Master’s degree,IT (Information Technology),IT professional
43,Yes,Laptop;Tablet;,Corporate assets,"Using 3rd party cloud solutions (e.g. G Cloud, Microsoft 365)",No,Yes,Disagree,Undecided,Agree,Strongly agree,Strongly agree,Strongly agree,Strongly agree,25-34 years old,Master’s degree,IT (Information Technology),Manager
44,Yes,Laptop;Smartphone;,Corporate assets,Using VPN ,Yes,No,Strongly agree,Strongly agree,Strongly agree,Strongly agree,Strongly agree,Strongly agree,Strongly agree,35-44 years old,Master’s degree,Other,Manager
45,Yes,Laptop;Smartphone;,Personal assets,Direct access,No,No,Strongly agree,Undecided,Strongly agree,Strongly agree,Strongly agree,Strongly agree,Strongly agree,25-34 years old,Master’s degree,Other,Manager
46,Yes,Laptop;,Personal assets,Direct access,No,No,Strongly disagree,Strongly disagree,Strongly disagree,Disagree,Agree,Undecided,Agree,18-24 years old,Bachelor’s degree,Telecommunications,Other
47,Yes,Laptop;,Personal assets,Using VPN ,No,Yes,Agree,Disagree,Agree,Agree,Agree,Agree,Agree,35-44 years old,Doctorate degree,Education & Research,Researcher
48,Yes,Laptop;Smartphone;,Corporate assets,Using VPN ,Yes,Yes,Strongly agree,Agree,Agree,Agree,Strongly agree,Agree,Strongly agree,35-44 years old,Associate degree,Other,IT professional
49,Yes,Laptop;Smartphone;,Personal assets,Direct access,No,No,Agree,Strongly agree,Strongly agree,Strongly agree,Strongly agree,Strongly agree,Agree,35-44 years old,Bachelor’s degree,Other,Other
50,Yes,Laptop;,Corporate assets,Using VPN ,No,No,Agree,Disagree,Agree,Strongly agree,Agree,Undecided,Strongly agree,35-44 years old,Master’s degree,IT (Information Technology),IT professional
51,Yes,Laptop;,Corporate assets,Using VPN ,No,Yes,Undecided,Disagree,Agree,Agree,Strongly disagree,Agree,Disagree,25-34 years old,Master’s degree,Telecommunications,Other
52,Yes,Desktop;,Corporate assets,Direct access,No,Yes,Undecided,Undecided,Agree,Agree,Undecided,Disagree,Agree,55-64 years old,Master’s degree,IT (Information Technology),IT professional
53,Yes,Laptop;,Corporate assets,No Access,No,No,Strongly agree,Undecided,Agree,Agree,Undecided,Agree,Undecided,35-44 years old,Master’s degree,EPES (Electrical Power & Energy Systems),IT professional
54,Yes,Desktop;Laptop;,Personal assets,Using VPN ,No,No,Undecided,Undecided,Disagree,Strongly agree,Strongly agree,Strongly agree,Agree,18-24 years old,Bachelor’s degree,IT (Information Technology),Researcher
55,Yes,Desktop;Laptop;,Corporate assets,Direct access,No,No,Undecided,Undecided,Agree,Agree,Agree,Undecided,Agree,18-24 years old,Bachelor’s degree,Other,Researcher
56,No,Laptop;Smartphone;,Personal assets,Other,No,No,Strongly agree,Undecided,Agree,Disagree,Agree,Agree,Agree,35-44 years old,Master’s degree,Public Sector,Other
57,Yes,Laptop;Smartphone;,Corporate assets,Using VPN ,No,Yes,Agree,Strongly agree,Strongly agree,Undecided,Strongly agree,Undecided,Strongly agree,25-34 years old,Bachelor’s degree,IT (Information Technology),Other
58,No,Laptop;Smartphone;,Corporate assets,"Using 3rd party cloud solutions (e.g. G Cloud, Microsoft 365)",No,No,Undecided,Agree,Disagree,Agree,Agree,Undecided,Agree,25-34 years old,Master’s degree,Other,Other
59,Yes,Laptop;,Corporate assets,Using VPN ,Yes,Yes,Agree,Agree,Agree,Strongly agree,Strongly agree,Strongly agree,Strongly agree,45-54 years old,Master’s degree,IT (Information Technology),IT professional
60,Yes,Laptop;,Personal assets,"Using 3rd party cloud solutions (e.g. G Cloud, Microsoft 365)",No,No,Agree,Agree,Undecided,Disagree,Strongly disagree,Undecided,Strongly disagree,55-64 years old,Bachelor’s degree,Banking & Financial,Other
61,Yes,Desktop;,Corporate assets,Using VPN ,Yes,No,Agree,Agree,Strongly agree,Strongly agree,Strongly agree,Strongly agree,Strongly agree,45-54 years old,Master’s degree,IT (Information Technology),IT professional
62,Yes,Laptop;,Personal assets,Other,No,Yes,Agree,Agree,Agree,Agree,Agree,Undecided,Strongly agree,75 years or older,Trade/technical/vocational training,Other,Other
63,Yes,Desktop;Laptop;Tablet;Smartphone;,Personal assets,Using VPN ,No,Yes,Disagree,Undecided,Disagree,Agree,Agree,Agree,Strongly agree,35-44 years old,Doctorate degree,Education & Research,Manager
64,Yes,Desktop;,Personal assets,Using VPN ,No,No,Agree,Agree,Disagree,Strongly agree,Undecided,Strongly agree,Strongly agree,25-34 years old,Master’s degree,Education & Research,Researcher
65,Yes,Desktop;Laptop;,Corporate assets,Using VPN ,No,No,Strongly agree,Strongly agree,Disagree,Strongly agree,Strongly agree,Strongly agree,Strongly agree,25-34 years old,Master’s degree,IT (Information Technology),IT professional
66,No,Laptop;,Corporate assets,Using VPN ,No,No,Strongly disagree,Strongly disagree,Undecided,Agree,Strongly agree,Strongly agree,Strongly agree,35-44 years old,Doctorate degree,Banking & Financial,Other
67,No,Laptop;Smartphone;,Personal assets,Using VPN ,No,Yes,Strongly agree,Strongly agree,Strongly agree,Strongly agree,Strongly agree,Agree,Strongly agree,35-44 years old,Doctorate degree,Education & Research,Other
68,Yes,Desktop;Laptop;,Corporate assets,Using VPN ,No,Yes,Undecided,Undecided,Disagree,Undecided,Disagree,Disagree,Disagree,35-44 years old,Doctorate degree,EPES (Electrical Power & Energy Systems),IT professional
69,Yes,Laptop;Smartphone;,Corporate assets,Using VPN ,No,Yes,Undecided,Agree,Disagree,Strongly agree,Strongly agree,Strongly agree,Strongly agree,45-54 years old,Bachelor’s degree,Telecommunications,Other
70,No,Laptop;Tablet;,Personal assets,Other,No,Yes,Strongly disagree,Strongly disagree,Strongly disagree,Strongly disagree,Disagree,Agree,Disagree,35-44 years old,Bachelor’s degree,Health,Other
71,Yes,Laptop;,Corporate assets,Using VPN ,No,Yes,Agree,Agree,Disagree,Agree,Disagree,Agree,Agree,35-44 years old,Doctorate degree,IT (Information Technology),IT professional
72,No,Laptop;,Corporate assets,Using VPN ,Yes,No,Strongly disagree,Strongly disagree,Strongly disagree,Disagree,Disagree,Agree,Agree,25-34 years old,Master’s degree,Transport,Other
73,Yes,Laptop;,Corporate assets,Using VPN ,No,No,Agree,Undecided,Agree,Agree,Undecided,Agree,Agree,25-34 years old,Master’s degree,IT (Information Technology),IT professional
74,Yes,Laptop;,Corporate assets,Using VPN ,No,No,Strongly agree,Agree,Agree,Strongly disagree,Strongly agree,Strongly disagree,Strongly agree,35-44 years old,Master’s degree,IT (Information Technology),IT professional
75,Yes,Laptop;,Corporate assets,Using VPN ,Yes,Yes,Agree,Agree,Agree,Agree,Agree,Agree,Agree,35-44 years old,Master’s degree,IT (Information Technology),IT professional
76,Yes,Laptop;,Corporate assets,Using VPN ,No,Yes,Agree,Agree,Undecided,Agree,Agree,Undecided,Strongly agree,35-44 years old,Master’s degree,IT (Information Technology),IT professional
77,Yes,Laptop;Smartphone;,Corporate assets,Using VPN ,No,Yes,Disagree,Agree,Disagree,Agree,Strongly agree,Strongly agree,Strongly agree,35-44 years old,Master’s degree,IT (Information Technology),IT professional
78,Yes,Desktop;Laptop;,Corporate assets,Using VPN ,No,Yes,Undecided,Agree,Disagree,Strongly agree,Agree,Agree,Agree,35-44 years old,Master’s degree,Telecommunications,IT professional
79,No,Laptop;Smartphone;,Corporate assets,"Using 3rd party cloud solutions (e.g. G Cloud, Microsoft 365)",No,Yes,Agree,Agree,Agree,Agree,Agree,Agree,Agree,25-34 years old,Master’s degree,EPES (Electrical Power & Energy Systems),Other
80,Yes,Laptop;Smartphone;,Corporate assets,Using VPN ,No,No,Disagree,Undecided,Undecided,Strongly agree,Strongly agree,Strongly agree,Strongly agree,35-44 years old,Master’s degree,Telecommunications,Other
81,Yes,Laptop;,Corporate assets,Direct access,No,Yes,Undecided,Undecided,Agree,Strongly agree,Agree,Strongly agree,Agree,35-44 years old,Master’s degree,EPES (Electrical Power & Energy Systems),Other
82,Yes,Laptop;,Corporate assets,Direct access,Yes,Yes,Agree,Agree,Disagree,Undecided,Undecided,Undecided,Agree,18-24 years old,"High school graduate, diploma or the equivalent",Other,Other
83,Yes,Laptop;,Corporate assets,Using VPN ,No,Yes,Undecided,Undecided,Disagree,Disagree,Undecided,Agree,Disagree,35-44 years old,Doctorate degree,IT (Information Technology),Security professional
84,Yes,Desktop;Laptop;Tablet;Smartphone;,Personal assets,Direct access,No,Yes,Strongly disagree,Strongly disagree,Strongly agree,Strongly agree,Strongly agree,Strongly agree,Strongly agree,25-34 years old,Master’s degree,IT (Information Technology),Manager
85,No,Laptop;,Corporate assets,Using VPN ,Yes,Yes,Undecided,Disagree,Agree,Strongly agree,Agree,Agree,Strongly agree,35-44 years old,Master’s degree,Banking & Financial,Manager
86,Yes,Desktop;Laptop;,Personal assets,Using VPN ,No,Yes,Agree,Strongly agree,Strongly agree,Agree,Agree,Agree,Agree,,,IT (Information Technology),IT professional
87,No,Laptop;,Corporate assets,Using VPN ,Yes,Yes,Undecided,Disagree,Agree,Strongly agree,Agree,Agree,Agree,35-44 years old,Master’s degree,Banking & Financial,Manager
88,Yes,Laptop;,Personal assets,Using VPN ,No,Yes,Undecided,Disagree,Disagree,Undecided,Agree,Undecided,Agree,35-44 years old,Doctorate degree,EPES (Electrical Power & Energy Systems),IT professional
89,Yes,Desktop;Laptop;Tablet;Smartphone;Other;,Personal assets,Using VPN ,No,Yes,Strongly disagree,Disagree,Disagree,Strongly disagree,Strongly disagree,Strongly agree,Agree,35-44 years old,Doctorate degree,Public Sector,Manager
90,No,Laptop;,Personal assets,Using VPN ,No,Yes,Undecided,Disagree,Disagree,Agree,Agree,Agree,Agree,35-44 years old,Master’s degree,Public Sector,Other
91,Yes,Laptop;,Personal assets,Direct access,Yes,Yes,Strongly agree,Strongly agree,Strongly agree,Strongly agree,Agree,Strongly agree,Strongly agree,25-34 years old,Doctorate degree,Education & Research,Researcher
92,Yes,Laptop;,Corporate assets,Direct access,No,No,Disagree,Disagree,Disagree,Agree,Agree,Agree,Agree,25-34 years old,Bachelor’s degree,IT (Information Technology),Other
93,Yes,Laptop;,Personal assets,Using VPN ,No,Yes,Undecided,Undecided,Strongly agree,Strongly agree,Strongly agree,Strongly agree,Strongly agree,25-34 years old,Master’s degree,Other,Other
94,Yes,Laptop;Smartphone;,Corporate assets,Using VPN ,Yes,No,Agree,Disagree,Disagree,Undecided,Disagree,Agree,Agree,35-44 years old,Doctorate degree,Education & Research,Researcher
95,Yes,Desktop;,Corporate assets,Using VPN ,No,Yes,Undecided,Strongly agree,Agree,Strongly agree,Strongly agree,Strongly agree,Strongly agree,25-34 years old,Master’s degree,Other,Other
96,Yes,Laptop;,Corporate assets,Using VPN ,No,Yes,Undecided,Disagree,Disagree,Agree,Agree,Agree,Agree,25-34 years old,Bachelor’s degree,IT (Information Technology),IT professional
97,Yes,Laptop;,Corporate assets,Using VPN ,No,Yes,Undecided,Undecided,Agree,Strongly agree,Agree,Agree,Agree,25-34 years old,Master’s degree,Other,Other
98,Yes,Laptop;,Corporate assets,Using VPN ,No,Yes,Undecided,Undecided,Agree,Strongly agree,Strongly agree,Strongly agree,Strongly agree,25-34 years old,Bachelor’s degree,IT (Information Technology),Other
99,Yes,Laptop;,Corporate assets,Using VPN ,No,Yes,Undecided,Agree,Agree,Strongly agree,Strongly agree,Strongly agree,Strongly agree,25-34 years old,Master’s degree,Other,Manager
100,Yes,Desktop;Laptop;,Corporate assets,Using VPN ,No,No,Disagree,Disagree,Undecided,Strongly agree,Strongly agree,Strongly agree,Strongly agree,35-44 years old,Doctorate degree,Other,Other
101,Yes,Laptop;,Corporate assets,Using VPN ,No,Yes,Strongly agree,Strongly agree,Agree,Strongly agree,Strongly agree,Undecided,Strongly agree,25-34 years old,Master’s degree,Other,Other
102,Yes,Laptop;,Corporate assets,Using VPN ,No,Yes,Disagree,Disagree,Undecided,Strongly agree,Agree,Agree,Strongly agree,25-34 years old,Master’s degree,IT (Information Technology),IT professional
103,Yes,Laptop;,Corporate assets,Using VPN ,No,Yes,Undecided,Undecided,Agree,Strongly agree,Strongly agree,Strongly agree,Strongly agree,25-34 years old,Bachelor’s degree,IT (Information Technology),IT professional
104,Yes,Laptop;,Corporate assets,Using VPN ,No,Yes,Undecided,Agree,Agree,Strongly agree,Agree,Strongly agree,Strongly agree,35-44 years old,Master’s degree,IT (Information Technology),IT professional
105,Yes,Laptop;,Corporate assets,Using VPN ,No,Yes,Undecided,Undecided,Strongly agree,Strongly agree,Strongly agree,Strongly agree,Strongly agree,35-44 years old,Master’s degree,IT (Information Technology),Manager
106,Yes,Laptop;,Corporate assets,Using VPN ,No,No,Agree,Strongly agree,Agree,Agree,Agree,Strongly agree,Strongly agree,35-44 years old,Bachelor’s degree,IT (Information Technology),Manager
107,Yes,Laptop;,Corporate assets,Using VPN ,No,No,Agree,Strongly agree,Strongly agree,Strongly agree,Agree,Agree,Strongly agree,25-34 years old,"High school graduate, diploma or the equivalent",Other,IT professional
108,No,Laptop;,Personal assets,Using VPN ,No,Yes,Agree,Agree,Undecided,Strongly agree,Agree,Strongly agree,Strongly agree,35-44 years old,Doctorate degree,Banking & Financial,IT professional
109,Yes,Laptop;,Corporate assets,Using VPN ,No,No,Disagree,Agree,Disagree,Strongly agree,Strongly agree,Strongly agree,Strongly agree,35-44 years old,Trade/technical/vocational training,Other,Manager
110,Yes,Laptop;,Corporate assets,Using VPN ,No,Yes,Disagree,Disagree,Disagree,Agree,Agree,Agree,Agree,25-34 years old,Master’s degree,Other,Other
111,Yes,Laptop;,Corporate assets,Using VPN ,No,Yes,Strongly agree,Agree,Strongly agree,Strongly agree,Strongly agree,Agree,Strongly agree,25-34 years old,Bachelor’s degree,Telecommunications,IT professional
112,Yes,Laptop;,Corporate assets,Using VPN ,No,No,Undecided,Disagree,Undecided,Agree,Agree,Strongly agree,Agree,25-34 years old,Master’s degree,IT (Information Technology),Other
113,Yes,Desktop;Laptop;,Corporate assets,Using VPN ,No,Yes,Disagree,Disagree,Disagree,Agree,Agree,Agree,Agree,35-44 years old,Bachelor’s degree,Education & Research,Other
114,Yes,Laptop;Tablet;Smartphone;,Corporate assets,Using VPN ,No,No,Strongly agree,Strongly agree,Strongly agree,Undecided,Agree,Agree,Strongly agree,45-54 years old,Doctorate degree,Education & Research,Researcher
115,Yes,Laptop;,Personal assets,"Using 3rd party cloud solutions (e.g. G Cloud, Microsoft 365)",No,Yes,Disagree,Disagree,Agree,Strongly agree,Strongly agree,Strongly agree,Strongly agree,35-44 years old,Doctorate degree,Education & Research,Manager
116,Yes,Laptop;,Corporate assets,Using VPN ,No,No,Agree,Strongly agree,Agree,Agree,Agree,Agree,Agree,25-34 years old,Master’s degree,IT (Information Technology),Manager
117,Yes,Laptop;,Corporate assets,"Using 3rd party cloud solutions (e.g. G Cloud, Microsoft 365)",Yes,Yes,Strongly agree,Strongly agree,Strongly agree,Disagree,Strongly agree,Strongly agree,Strongly agree,35-44 years old,Bachelor’s degree,Other,Other
118,Yes,Laptop;Smartphone;,Personal assets,Direct access,No,No,Strongly agree,Agree,Agree,Agree,Agree,Agree,Agree,25-34 years old,Bachelor’s degree,IT (Information Technology),Other
119,No,Laptop;,Corporate assets,Using VPN ,No,No,Undecided,Disagree,Disagree,Agree,Agree,Agree,Agree,35-44 years old,Bachelor’s degree,IT (Information Technology),Manager
120,No,Laptop;Smartphone;,Corporate assets,Using VPN ,No,Yes,Undecided,Undecided,Agree,Undecided,Undecided,Strongly agree,Strongly agree,35-44 years old,Trade/technical/vocational training,IT (Information Technology),Manager
121,Yes,Laptop;,Corporate assets,Using VPN ,No,Yes,Agree,Agree,Disagree,Agree,Agree,Undecided,Agree,25-34 years old,Bachelor’s degree,IT (Information Technology),Manager
122,No,Laptop;,Personal assets,Using VPN ,Yes,Yes,Strongly agree,Agree,Agree,Strongly agree,Strongly agree,Strongly agree,Strongly agree,25-34 years old,Master’s degree,Other,Other
123,Yes,Laptop;,Corporate assets,Direct access,Yes,Yes,Disagree,Undecided,Agree,Agree,Disagree,Undecided,Undecided,35-44 years old,Bachelor’s degree,Other,Manager
124,Yes,Laptop;Smartphone;,Personal assets,Direct access,No,No,Disagree,Disagree,Disagree,Agree,Undecided,Agree,Disagree,25-34 years old,Bachelor’s degree,Other,Other
125,No,Laptop;,Corporate assets,Direct access,No,Yes,Strongly agree,Agree,Undecided,Undecided,Disagree,Agree,Agree,35-44 years old,Master’s degree,Public Sector,Other
126,Yes,Desktop;Laptop;,Personal assets,Using VPN ,No,Yes,Undecided,Strongly disagree,Agree,Strongly agree,Strongly agree,Agree,Agree,35-44 years old,Master’s degree,Education & Research,Researcher
127,Yes,Laptop;Tablet;,Personal assets,Using VPN ,No,Yes,Agree,Undecided,Agree,Strongly agree,Agree,Agree,Agree,45-54 years old,Bachelor’s degree,IT (Information Technology),IT professional
128,Yes,Laptop;,Personal assets,Using VPN ,No,No,Agree,Undecided,Disagree,Strongly agree,Strongly agree,Agree,Strongly agree,35-44 years old,Master’s degree,Education & Research,Other
129,Yes,Laptop;Smartphone;,Personal assets,Using VPN ,No,Yes,Strongly agree,Strongly agree,Agree,Undecided,Agree,Agree,Agree,25-34 years old,Master’s degree,Public Sector,Other
130,No,Laptop;,Corporate assets,Using VPN ,No,Yes,Undecided,Strongly agree,Agree,Agree,Agree,Strongly agree,Strongly agree,35-44 years old,Master’s degree,Other,Other
131,Yes,Laptop;,Personal assets,Using VPN ,No,No,Disagree,Disagree,Agree,Disagree,Agree,Agree,Agree,25-34 years old,Master’s degree,Education & Research,Other
132,Yes,Laptop;,Corporate assets,Using VPN ,No,No,Agree,Agree,Agree,Strongly agree,Strongly agree,Strongly agree,Strongly agree,35-44 years old,Bachelor’s degree,IT (Information Technology),IT professional
133,No,Desktop;,Corporate assets,Using VPN ,Yes,Yes,Agree,Undecided,Undecided,Strongly agree,Agree,Agree,Strongly agree,25-34 years old,Bachelor’s degree,Other,Manager
134,Yes,Desktop;,Personal assets,Using VPN ,No,Yes,Strongly disagree,Strongly disagree,Disagree,Agree,Agree,Undecided,Agree,45-54 years old,"Some college credit, no degree",EPES (Electrical Power & Energy Systems),Other
135,Yes,Laptop;,Corporate assets,Using VPN ,No,Yes,Agree,Agree,Undecided,Agree,Undecided,Agree,Agree,35-44 years old,Master’s degree,EPES (Electrical Power & Energy Systems),Other
136,No,Laptop;,Corporate assets,Using VPN ,No,Yes,Undecided,Agree,Undecided,Strongly agree,Strongly agree,Strongly agree,Agree,25-34 years old,Master’s degree,IT (Information Technology),Other
137,Yes,Desktop;,Corporate assets,Using VPN ,No,Yes,Strongly agree,Strongly agree,Strongly agree,Strongly agree,Agree,Strongly agree,Strongly agree,35-44 years old,Master’s degree,Telecommunications,IT professional
138,Yes,Desktop;,Corporate assets,Using VPN ,No,Yes,Agree,Agree,Agree,Strongly agree,Strongly agree,Strongly agree,Strongly agree,25-34 years old,Master’s degree,Other,Other
139,Yes,Laptop;,Corporate assets,Using VPN ,No,No,Undecided,Undecided,Disagree,Agree,Agree,Agree,Agree,45-54 years old,"Some college credit, no degree",IT (Information Technology),IT professional
140,No,Desktop;Smartphone;,Personal assets,"Using 3rd party cloud solutions (e.g. G Cloud, Microsoft 365)",No,No,Agree,Undecided,Agree,Agree,Disagree,Agree,Agree,35-44 years old,Master’s degree,IT (Information Technology),Researcher
141,No,Laptop;Smartphone;,Corporate assets,Using VPN ,No,Yes,Disagree,Disagree,Disagree,Agree,Agree,Undecided,Agree,35-44 years old,Bachelor’s degree,IT (Information Technology),Other
142,Yes,Laptop;,Corporate assets,"Using 3rd party cloud solutions (e.g. G Cloud, Microsoft 365)",No,No,Agree,Strongly agree,Undecided,Agree,Agree,Strongly agree,Strongly agree,25-34 years old,Master’s degree,Telecommunications,Manager
143,Yes,Laptop;,Corporate assets,Using VPN ,No,Yes,Undecided,Agree,Disagree,Strongly agree,Agree,Agree,Strongly agree,35-44 years old,Doctorate degree,IT (Information Technology),IT professional
144,Yes,Laptop;,Corporate assets,"Using 3rd party cloud solutions (e.g. G Cloud, Microsoft 365)",No,Yes,Agree,Strongly agree,Disagree,Agree,Undecided,Agree,Agree,35-44 years old,Doctorate degree,IT (Information Technology),Manager
145,Yes,Laptop;,Corporate assets,No Access,No,No,Disagree,Strongly disagree,Agree,Agree,Agree,Undecided,Agree,35-44 years old,Doctorate degree,IT (Information Technology),Researcher
146,Yes,Laptop;,Corporate assets,Using VPN ,No,Yes,Disagree,Agree,Strongly agree,Strongly agree,Agree,Strongly agree,Strongly agree,25-34 years old,Master’s degree,Education & Research,Researcher
147,Yes,Laptop;,Personal assets,Using VPN ,No,No,Agree,Undecided,Disagree,Strongly agree,Strongly agree,Strongly agree,Strongly agree,45-54 years old,Master’s degree,Public Sector,IT professional
148,Yes,Laptop;Smartphone;,Corporate assets,Using VPN ,No,Yes,Agree,Undecided,Agree,Agree,Strongly agree,Strongly agree,Strongly agree,35-44 years old,Bachelor’s degree,Education & Research,IT professional
149,Yes,Laptop;,Personal assets,"Using 3rd party cloud solutions (e.g. G Cloud, Microsoft 365)",No,Yes,Undecided,Disagree,Disagree,Agree,Agree,Strongly agree,Strongly agree,35-44 years old,Bachelor’s degree,IT (Information Technology),Manager
150,Yes,Laptop;,Corporate assets,Direct access,No,Yes,Disagree,Undecided,Disagree,Agree,Agree,Agree,Agree,25-34 years old,Bachelor’s degree,IT (Information Technology),IT professional
151,Yes,Laptop;,Corporate assets,Direct access,No,Yes,Disagree,Undecided,Strongly disagree,Strongly agree,Strongly agree,Strongly agree,Strongly agree,25-34 years old,Master’s degree,IT (Information Technology),IT professional
152,Yes,Laptop;,Corporate assets,Other,No,Yes,Strongly disagree,Undecided,Agree,Strongly agree,Strongly agree,Strongly agree,Strongly agree,35-44 years old,Doctorate degree,IT (Information Technology),IT professional
153,No,Desktop;,Corporate assets,Other,No,Yes,Strongly disagree,Undecided,Strongly agree,Strongly agree,Strongly agree,Strongly agree,Strongly agree,45-54 years old,Master’s degree,EPES (Electrical Power & Energy Systems),Researcher
154,No,Laptop;,Corporate assets,Other,No,Yes,Strongly disagree,Disagree,Strongly agree,Strongly agree,Strongly agree,Strongly agree,Strongly agree,35-44 years old,Master’s degree,EPES (Electrical Power & Energy Systems),Researcher
155,No,Desktop;,Corporate assets,Other,No,Yes,Disagree,Disagree,Strongly agree,Strongly agree,Strongly agree,Strongly agree,Strongly agree,35-44 years old,Master’s degree,IT (Information Technology),Other
156,No,Laptop;,Corporate assets,Other,No,Yes,Disagree,Undecided,Strongly agree,Strongly agree,Strongly agree,Strongly agree,Strongly agree,45-54 years old,Master’s degree,IT (Information Technology),Other
157,No,Laptop;,Corporate assets,Other,No,Yes,Disagree,Strongly disagree,Strongly agree,Strongly agree,Strongly agree,Strongly agree,Strongly agree,45-54 years old,Doctorate degree,EPES (Electrical Power & Energy Systems),Researcher
158,Yes,Laptop;Smartphone;,Corporate assets,"Using 3rd party cloud solutions (e.g. G Cloud, Microsoft 365)",No,Yes,Strongly agree,Agree,Agree,Agree,Undecided,Disagree,Agree,25-34 years old,Master’s degree,EPES (Electrical Power & Energy Systems),Researcher
159,No,Laptop;Smartphone;,Corporate assets,Using VPN ,Yes,Yes,Agree,Agree,Disagree,Agree,Undecided,Disagree,Agree,45-54 years old,Trade/technical/vocational training,EPES (Electrical Power & Energy Systems),IT professional
160,No,Desktop;,Personal assets,Using VPN ,Yes,Yes,Disagree,Disagree,Disagree,Strongly agree,Agree,Strongly agree,Undecided,55-64 years old,Trade/technical/vocational training,EPES (Electrical Power & Energy Systems),IT professional
161,Yes,Laptop;,Corporate assets,Using VPN ,Yes,Yes,Strongly disagree,Strongly disagree,Strongly disagree,Agree,Undecided,Agree,Undecided,45-54 years old,Doctorate degree,Education & Research,Researcher
162,No,Laptop;Tablet;Smartphone;,Personal assets,Using VPN ,Yes,Yes,Strongly agree,Agree,Agree,Disagree,Agree,Agree,Agree,45-54 years old,Trade/technical/vocational training,EPES (Electrical Power & Energy Systems),Other
163,Yes,Laptop;Smartphone;,Corporate assets,Using VPN ,Yes,Yes,Disagree,Disagree,Disagree,Strongly agree,Agree,Strongly agree,Agree,45-54 years old,Trade/technical/vocational training,EPES (Electrical Power & Energy Systems),Manager
164,No,Laptop;,Personal assets,Using VPN ,No,Yes,Agree,Agree,Agree,Agree,Strongly agree,Disagree,Disagree,45-54 years old,Associate degree,EPES (Electrical Power & Energy Systems),Other
165,No,Laptop;,Personal assets,Using VPN ,No,No,Strongly agree,Strongly agree,Agree,Agree,Undecided,Undecided,Agree,25-34 years old,Master’s degree,EPES (Electrical Power & Energy Systems),Other
166,Yes,Laptop;,Corporate assets,"Using 3rd party cloud solutions (e.g. G Cloud, Microsoft 365)",No,No,Disagree,Disagree,Undecided,Strongly agree,Strongly agree,Strongly agree,Strongly agree,25-34 years old,Master’s degree,IT (Information Technology),IT professional
167,Yes,Desktop;Laptop;Tablet;Smartphone;,Corporate assets,Using VPN ,No,Yes,Disagree,Strongly disagree,Strongly disagree,Disagree,Undecided,Undecided,Strongly agree,45-54 years old,Master’s degree,Telecommunications,Other
168,Yes,Laptop;,Corporate assets,"Using 3rd party cloud solutions (e.g. G Cloud, Microsoft 365)",No,Yes,Disagree,Undecided,Disagree,Strongly agree,Agree,Strongly agree,Agree,35-44 years old,Master’s degree,IT (Information Technology),Manager
169,Yes,Laptop;Smartphone;,Personal assets,No Access,Yes,No,Undecided,Undecided,Undecided,Agree,Agree,Strongly agree,Strongly agree,45-54 years old,Doctorate degree,Education & Research,Researcher
170,No,Laptop;,Corporate assets,Using VPN ,No,Yes,Undecided,Disagree,Strongly disagree,Agree,Agree,Undecided,Agree,35-44 years old,"High school graduate, diploma or the equivalent",Education & Research,Researcher
171,Yes,Laptop;Smartphone;,Corporate assets,Using VPN ,No,Yes,Undecided,Strongly agree,Agree,Strongly agree,Agree,Agree,Strongly agree,25-34 years old,Master’s degree,IT (Information Technology),Security professional
172,No,Laptop;,Personal assets,Using VPN ,No,Yes,Strongly agree,Strongly agree,Agree,Strongly agree,Strongly agree,Agree,Agree,45-54 years old,Doctorate degree,IT (Information Technology),IT professional
173,Yes,Laptop;,Corporate assets,Other,No,No,Agree,Undecided,Disagree,Strongly agree,Agree,Strongly agree,Agree,35-44 years old,Bachelor’s degree,Other,Manager
174,No,Laptop;Tablet;Smartphone;,Corporate assets,Using VPN ,No,Yes,Disagree,Undecided,Disagree,Agree,Agree,Agree,Agree,35-44 years old,Master’s degree,EPES (Electrical Power & Energy Systems),Other
175,Yes,Laptop;,Corporate assets,Using VPN ,No,Yes,Strongly agree,Strongly agree,Agree,Undecided,Undecided,Agree,Strongly agree,25-34 years old,Master’s degree,Education & Research,Manager
176,Yes,Laptop;Smartphone;,Corporate assets,Using VPN ,No,No,Undecided,Undecided,Disagree,Strongly agree,Agree,Strongly agree,Strongly agree,45-54 years old,Trade/technical/vocational training,EPES (Electrical Power & Energy Systems),Other
177,No,Laptop;,Personal assets,No Access,No,No,Undecided,Agree,Agree,Agree,Disagree,Agree,Undecided,35-44 years old,Master’s degree,Education & Research,Researcher
178,Yes,Desktop;Laptop;Smartphone;,Personal assets,Using VPN ,No,No,Agree,Undecided,Agree,Agree,Agree,Agree,Agree,45-54 years old,Master’s degree,Education & Research,Researcher
179,Yes,Desktop;Laptop;Tablet;Smartphone;,Corporate assets,Using VPN ,No,Yes,Disagree,Undecided,Undecided,Strongly agree,Strongly agree,Strongly agree,Strongly agree,,,EPES (Electrical Power & Energy Systems),Other
180,Yes,Laptop;,Personal assets,Using VPN ,Yes,Yes,Disagree,Disagree,Disagree,Undecided,Undecided,Agree,Undecided,45-54 years old,Trade/technical/vocational training,EPES (Electrical Power & Energy Systems),IT professional
181,Yes,Laptop;,Personal assets,Using VPN ,No,Yes,Strongly agree,Strongly agree,Agree,Agree,Agree,Undecided,Agree,55-64 years old,Trade/technical/vocational training,EPES (Electrical Power & Energy Systems),IT professional
182,Yes,Laptop;,Personal assets,Using VPN ,Yes,Yes,Agree,Agree,Agree,Undecided,Undecided,Strongly agree,Agree,45-54 years old,Trade/technical/vocational training,EPES (Electrical Power & Energy Systems),Manager
183,No,Laptop;,Corporate assets,Using VPN ,No,No,Agree,Agree,Agree,Agree,Strongly agree,Strongly agree,Strongly agree,55-64 years old,"High school graduate, diploma or the equivalent",EPES (Electrical Power & Energy Systems),IT professional
184,No,Smartphone;,Personal assets,"Using 3rd party cloud solutions (e.g. G Cloud, Microsoft 365)",No,No,Strongly agree,Strongly agree,Strongly agree,Agree,Agree,Strongly agree,Strongly agree,45-54 years old,"High school graduate, diploma or the equivalent",EPES (Electrical Power & Energy Systems),Other
185,No,Laptop;Smartphone;,Personal assets,Using VPN ,No,No,Strongly agree,Strongly agree,Disagree,Disagree,Disagree,Disagree,Agree,35-44 years old,Associate degree,EPES (Electrical Power & Energy Systems),IT professional
186,Yes,Laptop;,Personal assets,Using VPN ,No,No,Agree,Agree,Agree,Strongly agree,Agree,Strongly agree,Strongly agree,25-34 years old,Doctorate degree,EPES (Electrical Power & Energy Systems),Manager
187,Yes,Laptop;,Corporate assets,Using VPN ,Yes,No,Disagree,Disagree,Disagree,Agree,Agree,Agree,Agree,45-54 years old,"High school graduate, diploma or the equivalent",EPES (Electrical Power & Energy Systems),Other
188,Yes,Laptop;Smartphone;,Corporate assets,Using VPN ,No,Yes,Agree,Undecided,Agree,Agree,Agree,Undecided,Strongly agree,25-34 years old,Master’s degree,Other,Manager
189,Yes,Laptop;,Corporate assets,Using VPN ,No,No,Undecided,Undecided,Agree,Strongly agree,Agree,Strongly agree,Strongly agree,35-44 years old,Associate degree,Telecommunications,Other
190,Yes,Laptop;Smartphone;,Personal assets,Using VPN ,No,Yes,Undecided,Agree,Agree,Strongly agree,Strongly agree,Strongly agree,Strongly agree,35-44 years old,Master’s degree,Banking & Financial,IT professional
191,No,Laptop;,Personal assets,Using VPN ,No,Yes,Undecided,Undecided,Strongly agree,Strongly agree,Strongly agree,Strongly agree,Strongly agree,25-34 years old,Professional degree,Banking & Financial,Other
192,Yes,Laptop;,Corporate assets,Direct access,No,No,Undecided,Agree,Agree,Agree,Agree,Agree,Agree,35-44 years old,Bachelor’s degree,Other,Manager
193,No,Laptop;Smartphone;,Corporate assets,Using VPN ,No,Yes,Strongly agree,Disagree,Disagree,Strongly disagree,Agree,Undecided,Agree,35-44 years old,Master’s degree,Other,Manager
194,Yes,Laptop;Smartphone;,Corporate assets,Using VPN ,Yes,Yes,Undecided,Undecided,Undecided,Disagree,Disagree,Disagree,Agree,35-44 years old,Master’s degree,Other,Other
195,No,Laptop;Smartphone;,Corporate assets,Using VPN ,No,No,Disagree,Disagree,Agree,Agree,Strongly agree,Agree,Agree,35-44 years old,Master’s degree,EPES (Electrical Power & Energy Systems),Manager
196,Yes,Laptop;,Corporate assets,Other,No,Yes,Undecided,Undecided,Disagree,Agree,Agree,Agree,Undecided,35-44 years old,Doctorate degree,Education & Research,Manager
197,Yes,Laptop;,Personal assets,"Using 3rd party cloud solutions (e.g. G Cloud, Microsoft 365)",No,Yes,Strongly agree,Agree,Agree,Strongly agree,Agree,Agree,Agree,35-44 years old,Doctorate degree,Education & Research,Researcher
198,Yes,Laptop;,Corporate assets,Using VPN ,No,Yes,Agree,Undecided,Strongly agree,Strongly agree,Strongly agree,Strongly disagree,Strongly agree,35-44 years old,Master’s degree,IT (Information Technology),IT professional
199,Yes,Laptop;Smartphone;,Corporate assets,No Access,No,No,Disagree,Disagree,Undecided,Agree,Agree,Agree,Agree,35-44 years old,Doctorate degree,Education & Research,Researcher
200,Yes,Laptop;Smartphone;,Personal assets,Direct access,Yes,No,Strongly agree,Strongly agree,Strongly disagree,Strongly disagree,Strongly disagree,Disagree,Strongly agree,25-34 years old,Doctorate degree,Health,Researcher
201,Yes,Laptop;,Corporate assets,Using VPN ,No,Yes,Disagree,Disagree,Disagree,Undecided,Disagree,Undecided,Disagree,45-54 years old,Master’s degree,Telecommunications,IT professional
202,No,Laptop;,Personal assets,Using VPN ,Yes,No,Agree,Agree,Disagree,Strongly agree,Strongly agree,Strongly agree,Strongly agree,45-54 years old,Master’s degree,Telecommunications,Other
203,Yes,Laptop;,Corporate assets,Using VPN ,No,Yes,Undecided,Undecided,Disagree,Agree,Strongly agree,Agree,Undecided,45-54 years old,Master’s degree,Telecommunications,Other
204,No,Laptop;Smartphone;,Corporate assets,Using VPN ,No,No,Agree,Undecided,Agree,Undecided,Agree,Strongly agree,Agree,35-44 years old,Master’s degree,IT (Information Technology),Manager
205,Yes,Laptop;,Corporate assets,Using VPN ,No,No,Agree,Undecided,Agree,Agree,Agree,Agree,Agree,45-54 years old,Doctorate degree,IT (Information Technology),IT professional
206,Yes,Laptop;,Corporate assets,Using VPN ,No,Yes,Strongly agree,Strongly agree,Strongly agree,Strongly agree,Strongly agree,Strongly agree,Strongly agree,35-44 years old,Master’s degree,Transport,IT professional
207,No,Laptop;,Corporate assets,Using VPN ,No,Yes,Undecided,Undecided,Undecided,Undecided,Undecided,Agree,Agree,35-44 years old,Master’s degree,Telecommunications,Manager
208,Yes,Laptop;,Corporate assets,Using VPN ,No,Yes,Agree,Agree,Agree,Agree,Agree,Strongly agree,Strongly agree,45-54 years old,Master’s degree,Telecommunications,IT professional
209,Yes,Laptop;Smartphone;,Corporate assets,Using VPN ,Yes,Yes,Strongly agree,Strongly agree,Strongly agree,Strongly agree,Agree,Agree,Strongly agree,45-54 years old,Professional degree,Telecommunications,Security professional
210,No,Desktop;,Personal assets,Using VPN ,No,No,Strongly disagree,Disagree,Disagree,Strongly agree,Strongly agree,Agree,Strongly agree,45-54 years old,Bachelor’s degree,EPES (Electrical Power & Energy Systems),IT professional
211,No,Laptop;,Corporate assets,Using VPN ,No,Yes,Disagree,Disagree,Agree,Agree,Agree,Agree,Agree,35-44 years old,Master’s degree,Telecommunications,Other
212,No,Laptop;,Personal assets,Using VPN ,No,Yes,Agree,Agree,Strongly agree,Strongly agree,Disagree,Strongly agree,Agree,45-54 years old,Master’s degree,EPES (Electrical Power & Energy Systems),Manager
213,No,Laptop;,Corporate assets,Using VPN ,No,No,Agree,Undecided,Disagree,Undecided,Undecided,Undecided,Agree,45-54 years old,Master’s degree,Telecommunications,IT professional
214,Yes,Laptop;,Personal assets,Other,No,No,Undecided,Undecided,Agree,Strongly agree,Agree,Agree,Agree,35-44 years old,Doctorate degree,Education & Research,Researcher
215,Yes,Laptop;,Corporate assets,Using VPN ,No,No,Agree,Undecided,Undecided,Agree,Strongly agree,Strongly agree,Agree,25-34 years old,Doctorate degree,EPES (Electrical Power & Energy Systems),Researcher
216,No,Laptop;,Corporate assets,Using VPN ,No,Yes,Strongly disagree,Strongly disagree,Undecided,Agree,Disagree,Agree,Undecided,18-24 years old,Bachelor’s degree,Transport,Other
217,Yes,Laptop;,Corporate assets,Using VPN ,Yes,Yes,Agree,Agree,Strongly agree,Strongly agree,Strongly agree,Disagree,Agree,35-44 years old,"Some college credit, no degree",EPES (Electrical Power & Energy Systems),IT professional
218,No,Laptop;,Personal assets,Using VPN ,Yes,Yes,Agree,Agree,Agree,Undecided,Agree,Agree,Undecided,55-64 years old,Bachelor’s degree,Transport,Manager
219,Yes,Laptop;Smartphone;,Personal assets,Using VPN ,Yes,Yes,Disagree,Agree,Disagree,Agree,Agree,Agree,Agree,35-44 years old,Doctorate degree,Education & Research,Researcher
220,Yes,Laptop;Smartphone;,Personal assets,No Access,No,No,Disagree,Disagree,Disagree,Disagree,Strongly disagree,Strongly disagree,Disagree,25-34 years old,Professional degree,Public Sector,Other
221,Yes,Laptop;Smartphone;,Corporate assets,Using VPN ,No,Yes,Undecided,Undecided,Undecided,Agree,Strongly agree,Undecided,Strongly agree,25-34 years old,Master’s degree,Other,Manager
222,Yes,Laptop;,Personal assets,Using VPN ,No,No,Disagree,Disagree,Disagree,Agree,Undecided,Undecided,Agree,25-34 years old,Master’s degree,Education & Research,Researcher
223,Yes,Laptop;,Personal assets,Using VPN ,Yes,Yes,Undecided,Disagree,Strongly disagree,Undecided,Disagree,Undecided,Disagree,45-54 years old,Doctorate degree,Public Sector,Researcher
224,Yes,Laptop;Tablet;,Corporate assets,Using VPN ,No,No,Agree,Disagree,Undecided,Strongly agree,Agree,Agree,Agree,35-44 years old,Professional degree,Other,Manager
225,Yes,Laptop;,Corporate assets,Using VPN ,No,Yes,Undecided,Undecided,Agree,Agree,Agree,Agree,Agree,35-44 years old,Bachelor’s degree,EPES (Electrical Power & Energy Systems),Other
226,Yes,Laptop;,Personal assets,Using VPN ,No,No,Strongly agree,Undecided,Agree,Strongly agree,Undecided,Agree,Strongly agree,25-34 years old,Master’s degree,Education & Research,Researcher
227,Yes,Laptop;,Corporate assets,Using VPN ,No,Yes,Agree,Agree,Agree,Strongly agree,Agree,Agree,Agree,45-54 years old,Master’s degree,Telecommunications,Manager
228,Yes,Laptop;Smartphone;,Corporate assets,Using VPN ,Yes,Yes,Agree,Agree,Undecided,Agree,Agree,Agree,Undecided,35-44 years old,Master’s degree,Other,Other
229,Yes,Laptop;Smartphone;,Personal assets,Using VPN ,No,Yes,Undecided,Agree,Agree,Strongly agree,Strongly agree,Strongly agree,Agree,25-34 years old,Master’s degree,Education & Research,Researcher
230,Yes,Desktop;Laptop;Tablet;Smartphone;,Personal assets,"Using 3rd party cloud solutions (e.g. G Cloud, Microsoft 365)",No,Yes,Disagree,Undecided,Strongly agree,Strongly agree,Strongly agree,Strongly agree,Strongly agree,45-54 years old,Master’s degree,Education & Research,Manager
231,Yes,Laptop;,Corporate assets,"Using 3rd party cloud solutions (e.g. G Cloud, Microsoft 365)",No,Yes,Agree,Agree,Undecided,Agree,Agree,Agree,Strongly agree,25-34 years old,Master’s degree,Other,Other
232,No,Laptop;,Personal assets,Direct access,No,No,Disagree,Disagree,Undecided,Agree,Agree,Strongly agree,Agree,35-44 years old,Doctorate degree,EPES (Electrical Power & Energy Systems),Manager
233,Yes,Laptop;,Personal assets,"Using 3rd party cloud solutions (e.g. G Cloud, Microsoft 365)",No,Yes,Agree,Agree,Agree,Agree,Agree,Undecided,Agree,25-34 years old,Master’s degree,EPES (Electrical Power & Energy Systems),Other
234,Yes,Desktop;Laptop;,Personal assets,Using VPN ,No,Yes,Undecided,Undecided,Disagree,Strongly agree,Strongly agree,Strongly agree,Strongly agree,25-34 years old,Master’s degree,Education & Research,Researcher
235,Yes,Laptop;,Corporate assets,Direct access,No,Yes,Undecided,Undecided,Undecided,Strongly agree,Strongly agree,Strongly agree,Strongly agree,25-34 years old,Master’s degree,IT (Information Technology),IT professional
236,Yes,Laptop;,Corporate assets,Using VPN ,No,No,Strongly agree,Agree,Agree,Agree,Disagree,Agree,Agree,35-44 years old,Master’s degree,IT (Information Technology),Security professional
237,Yes,Desktop;Laptop;Smartphone;,Corporate assets,Using VPN ,No,Yes,Agree,Agree,Undecided,Strongly agree,Agree,Strongly agree,Strongly agree,35-44 years old,Master’s degree,EPES (Electrical Power & Energy Systems),Other
238,No,Laptop;,Personal assets,Using VPN ,Yes,No,Agree,Undecided,Agree,Strongly agree,Strongly agree,Agree,Agree,25-34 years old,Master’s degree,EPES (Electrical Power & Energy Systems),Researcher
239,No,Laptop;,Personal assets,Using VPN ,No,Yes,Agree,Undecided,Agree,Strongly agree,Strongly agree,Strongly agree,Strongly agree,35-44 years old,Master’s degree,EPES (Electrical Power & Energy Systems),Other
240,No,Laptop;,Corporate assets,Direct access,No,Yes,Agree,Agree,Undecided,Agree,Agree,Agree,Agree,35-44 years old,Master’s degree,Health,Manager
241,Yes,Laptop;Smartphone;,Corporate assets,Using VPN ,No,Yes,Agree,Undecided,Undecided,Undecided,Undecided,Agree,Agree,25-34 years old,Bachelor’s degree,Health,Manager
242,No,Laptop;,Corporate assets,Using VPN ,No,No,Disagree,Undecided,Disagree,Agree,Agree,Strongly agree,Strongly agree,25-34 years old,Doctorate degree,Health,Manager
243,Yes,Laptop;,Corporate assets,Using VPN ,No,No,Agree,Undecided,Disagree,Agree,Strongly agree,Agree,Agree,35-44 years old,Master’s degree,Health,Manager
244,Yes,Desktop;Laptop;,Personal assets,Using VPN ,No,Yes,Undecided,Undecided,Disagree,Strongly agree,Strongly agree,Strongly agree,Agree,45-54 years old,"High school graduate, diploma or the equivalent",Education & Research,Researcher
245,Yes,Laptop;Smartphone;,Corporate assets,Using VPN ,Yes,Yes,Disagree,Strongly disagree,Disagree,Agree,Agree,Agree,Agree,35-44 years old,Doctorate degree,EPES (Electrical Power & Energy Systems),Other
246,Yes,Desktop;,Corporate assets,Using VPN ,No,No,Agree,Agree,Agree,Strongly agree,Agree,Strongly agree,Strongly agree,45-54 years old,Master’s degree,IT (Information Technology),IT professional
247,No,Laptop;Smartphone;,Personal assets,"Using 3rd party cloud solutions (e.g. G Cloud, Microsoft 365)",Yes,Yes,Agree,Undecided,Strongly disagree,Agree,Strongly disagree,Strongly agree,Undecided,35-44 years old,Master’s degree,Education & Research,Other
248,Yes,Laptop;Smartphone;,Personal assets,"Using 3rd party cloud solutions (e.g. G Cloud, Microsoft 365)",No,Yes,Agree,Agree,Agree,Agree,Agree,Agree,Agree,35-44 years old,"High school graduate, diploma or the equivalent",Education & Research,Manager
249,Yes,Desktop;Laptop;Smartphone;,Corporate assets,Using VPN ,No,Yes,Undecided,Disagree,Disagree,Agree,Strongly agree,Strongly agree,Agree,25-34 years old,Master’s degree,Education & Research,IT professional
250,Yes,Desktop;Laptop;Tablet;Smartphone;,Corporate assets,Using VPN ,No,Yes,Undecided,Undecided,Agree,Agree,Agree,Agree,Agree,45-54 years old,Associate degree,IT (Information Technology),IT professional
251,No,Laptop;,Corporate assets,Using VPN ,No,No,Undecided,Agree,Agree,Agree,Agree,Undecided,Agree,35-44 years old,Master’s degree,IT (Information Technology),IT professional
252,Yes,Desktop;Laptop;Tablet;Smartphone;,Personal assets,"Using 3rd party cloud solutions (e.g. G Cloud, Microsoft 365)",No,Yes,Undecided,Agree,Agree,Agree,Agree,Strongly agree,Strongly agree,35-44 years old,Bachelor’s degree,Education & Research,IT professional
253,Yes,Laptop;Smartphone;,Personal assets,"Using 3rd party cloud solutions (e.g. G Cloud, Microsoft 365)",No,Yes,Agree,Agree,Strongly agree,Agree,Agree,Strongly agree,Agree,18-24 years old,Bachelor’s degree,IT (Information Technology),IT professional
254,Yes,Laptop;,Corporate assets,Direct access,No,Yes,Agree,Agree,Undecided,Strongly agree,Agree,Strongly agree,Strongly agree,35-44 years old,Doctorate degree,Education & Research,Manager
255,No,Desktop;,Personal assets,Using VPN ,Yes,Yes,Strongly agree,Agree,Agree,Strongly agree,Agree,Agree,Agree,35-44 years old,"Some college credit, no degree",Education & Research,Other
256,Yes,Laptop;Smartphone;,Personal assets,"Using 3rd party cloud solutions (e.g. G Cloud, Microsoft 365)",No,Yes,Disagree,Disagree,Disagree,Strongly agree,Strongly agree,Strongly agree,Strongly agree,35-44 years old,Master’s degree,Education & Research,Manager
257,Yes,Laptop;,Personal assets,Using VPN ,Yes,Yes,Disagree,Disagree,Strongly disagree,Agree,Undecided,Undecided,Agree,25-34 years old,Master’s degree,Telecommunications,Other
258,Yes,Laptop;,Personal assets,"Using 3rd party cloud solutions (e.g. G Cloud, Microsoft 365)",No,No,Agree,Undecided,Undecided,Agree,Disagree,Agree,Undecided,25-34 years old,Master’s degree,Education & Research,Researcher
259,Yes,Laptop;,Corporate assets,Using VPN ,No,No,Strongly disagree,Strongly disagree,Agree,Undecided,Disagree,Undecided,Agree,55-64 years old,Master’s degree,Banking & Financial,Manager
260,No,Desktop;Laptop;Tablet;Smartphone;,Personal assets,No Access,No,No,Undecided,Disagree,Strongly disagree,Undecided,Disagree,Undecided,Disagree,65-74 years old,Doctorate degree,Banking & Financial,Other
261,Yes,Laptop;,Corporate assets,Using VPN ,No,Yes,Strongly agree,Agree,Agree,Disagree,Agree,Agree,Undecided,45-54 years old,Master’s degree,Banking & Financial,Manager
262,Yes,Desktop;Laptop;Tablet;Smartphone;,Corporate assets,"Using 3rd party cloud solutions (e.g. G Cloud, Microsoft 365)",No,No,Undecided,Undecided,Agree,Undecided,Disagree,Undecided,Agree,75 years or older,Bachelor’s degree,Banking & Financial,IT professional
263,Yes,Laptop;,Corporate assets,Direct access,No,No,Strongly agree,Strongly agree,Strongly disagree,Agree,Strongly agree,Strongly agree,Strongly agree,55-64 years old,Master’s degree,Banking & Financial,Manager
264,Yes,Desktop;Laptop;,Personal assets,No Access,No,Yes,Agree,Agree,Agree,Disagree,Strongly disagree,Strongly disagree,Strongly disagree,55-64 years old,Bachelor’s degree,Banking & Financial,IT professional
265,Yes,Desktop;Laptop;,Personal assets,Using VPN ,No,No,Agree,Strongly agree,Agree,Agree,Agree,Agree,Strongly agree,35-44 years old,Doctorate degree,Other,Other
266,No,Laptop;,Personal assets,Direct access,No,No,Strongly agree,Disagree,Disagree,Strongly agree,Disagree,Strongly agree,Agree,25-34 years old,"High school graduate, diploma or the equivalent",Banking & Financial,Other
267,Yes,Laptop;,Personal assets,No Access,No,No,Strongly agree,Undecided,Undecided,Undecided,Disagree,Undecided,Strongly agree,25-34 years old,Master’s degree,Education & Research,Other
268,Yes,Laptop;,Personal assets,No Access,Yes,No,Disagree,Disagree,Disagree,Agree,Undecided,Agree,Disagree,45-54 years old,Master’s degree,Banking & Financial,Manager